frame_id,write_ns,denoiser_done_ns,edge_done_ns,overlay_done_ns,display_done_ns,end_to_end_us,denoiser_us,edge_us,overlay_us
0,2337732524860,2337735864079,2337735595565,2337735614753,2337768847490,36322.630,3339.219,3070.705,3089.893
1,2337749299110,2337752419202,2337752240805,2337752189871,2337768870824,19571.714,3120.092,2941.695,2890.761
2,2337765963837,2337768716844,2337768687605,2337768714959,2337768875943,2912.106,2753.007,2723.768,2751.122
3,2337782575797,2337790744145,2337790513400,2337790550808,2337790813948,8238.151,8168.348,7937.603,7975.011
4,2337799281978,2337801350855,2337801283519,2337801237640,2337801451690,2169.712,2068.877,2001.541,1955.662
5,2337815886527,2337818093587,2337818077830,2337818072259,2337818297681,2411.154,2207.060,2191.303,2185.732
6,2337832529665,2337834676043,2337834634968,2337834475423,2337834770184,2240.519,2146.378,2105.303,1945.758
7,2337849202821,2337851380005,2337851298717,2337851201077,2337851623831,2421.010,2177.184,2095.896,1998.256
8,2337865889311,2337868266625,2337868200516,2337868063478,2337868494076,2604.765,2377.314,2311.205,2174.167
9,2337882542423,2337885303076,2337884563840,2337884658475,2337885432568,2890.145,2760.653,2021.417,2116.052
10,2337899207933,2337901353939,2337901226567,2337901130160,2337901499762,2291.829,2146.006,2018.634,1922.227
11,2337915861577,2337918659305,2337917997729,2337918058044,2337918775130,2913.553,2797.728,2136.152,2196.467
12,2337932543875,2337934916017,2337934668646,2337934772770,2337935114597,2570.722,2372.142,2124.771,2228.895
13,2337949209495,2337952422370,2337952170296,2337952297356,2337952559817,3350.322,3212.875,2960.801,3087.861
14,2337965878282,2337969217698,2337969107780,2337968980217,2337969509345,3631.063,3339.416,3229.498,3101.935
15,2337982560109,2337984698259,2337984591295,2337984499594,2337985003158,2443.049,2138.150,2031.186,1939.485
16,2337999230155,2338000353731,2338000299948,2338000212427,2338000484408,1254.253,1123.576,1069.793,982.272
17,2338015879822,2338017110887,2338017027724,2338016880654,2338017304937,1425.115,1231.065,1147.902,1000.832
18,2338032614032,2338033661036,2338033572627,2338033454459,2338033780151,1166.119,1047.004,958.595,840.427
19,2338049233221,2338050427849,2338050364976,2338050158303,2338050899795,1666.574,1194.628,1131.755,925.082
20,2338065877206,2338066898807,2338066819062,2338066704350,2338067320734,1443.528,1021.601,941.856,827.144
21,2338082633860,2338083623448,2338083513676,2338083479833,2338083808977,1175.117,989.588,879.816,845.973
22,2338099281660,2338100472668,2338100398192,2338100264635,2338100884950,1603.290,1191.008,1116.532,982.975
23,2338115965728,2338117017340,2338116937719,2338116838518,2338117415260,1449.532,1051.612,971.991,872.790
24,2338132721404,2338133715315,2338133649985,2338133555726,2338133805588,1084.184,993.911,928.581,834.322
25,2338149287995,2338150448860,2338150387351,2338150239680,2338150556370,1268.375,1160.865,1099.356,951.685
26,2338165923704,2338166995600,2338166892448,2338166868663,2338167177173,1253.469,1071.896,968.744,944.959
27,2338182546494,2338183666806,2338183616939,2338183471190,2338184123521,1577.027,1120.312,1070.445,924.696
28,2338199389438,2338200406630,2338200358903,2338200229632,2338200811196,1421.758,1017.192,969.465,840.194
29,2338215989179,2338217022411,2338216941522,2338216834783,2338217056200,1067.021,1033.232,952.343,845.604
30,2338232553946,2338233939881,2338233793722,2338233683000,2338233977552,1423.606,1385.935,1239.776,1129.054
31,2338249241799,2338250531514,2338250495479,2338250310435,2338250756845,1515.046,1289.715,1253.680,1068.636
32,2338265915608,2338267132159,2338267067863,2338266928297,2338267201542,1285.934,1216.551,1152.255,1012.689
33,2338282636250,2338283680882,2338283615359,2338283459591,2338283734885,1098.635,1044.632,979.109,823.341
34,2338299271422,2338300340184,2338300272613,2338300104356,2338300373574,1102.152,1068.762,1001.191,832.934
35,2338315876189,2338316910362,2338316832176,2338316710358,2338317266615,1390.426,1034.173,955.987,834.169
36,2338332722337,2338333860764,2338333786181,2338333655680,2338334196957,1474.620,1138.427,1063.844,933.343
37,2338349234661,2338350453734,2338350350266,2338350299288,2338350583605,1348.944,1219.073,1115.605,1064.627
38,2338365879364,2338366883688,2338366832762,2338366700012,2338367283503,1404.139,1004.324,953.398,820.648
39,2338382664960,2338383821365,2338383752631,2338383586118,2338384076245,1411.285,1156.405,1087.671,921.158
40,2338399234687,2338400509297,2338400443966,2338400383444,2338400608832,1374.145,1274.610,1209.279,1148.757
41,2338415959491,2338417016663,2338416941329,2338416830092,2338417101605,1142.114,1057.172,981.838,870.601
42,2338432540297,2338433763400,2338433709624,2338433580771,2338433902142,1361.845,1223.103,1169.327,1040.474
43,2338449245896,2338450248245,2338450168900,2338450055604,2338450613480,1367.584,1002.349,923.004,809.708
44,2338466069869,2338467052790,2338466988833,2338466905127,2338467129265,1059.396,982.921,918.964,835.258
45,2338482528814,2338483567312,2338483489056,2338483303259,2338483568818,1040.004,1038.498,960.242,774.445
46,2338499210101,2338500220386,2338500153309,2338500057450,2338500406451,1196.350,1010.285,943.208,847.349
47,2338516037604,2338517205174,2338517043249,2338517129221,2338517568774,1531.170,1167.570,1005.645,1091.617
48,2338532546062,2338533716696,2338533649059,2338533547439,2338533737560,1191.498,1170.634,1102.997,1001.377
49,2338549214282,2338550341185,2338550299282,2338550165685,2338550680911,1466.629,1126.903,1085.000,951.403
50,2338566039597,2338567245169,2338567164354,2338567042585,2338567513486,1473.889,1205.572,1124.757,1002.988
51,2338582611612,2338583701625,2338583608203,2338583509871,2338583994073,1382.461,1090.013,996.591,898.259
52,2338599233935,2338600636502,2338600489602,2338600452153,2338600645103,1411.168,1402.567,1255.667,1218.218
53,2338615906669,2338617092744,2338617038883,2338616878166,2338617386554,1479.885,1186.075,1132.214,971.497
54,2338632735395,2338633762403,2338633681760,2338633560730,2338634049525,1314.130,1027.008,946.365,825.335
55,2338649284294,2338650223399,2338650159983,2338650070731,2338650309550,1025.256,939.105,875.689,786.437
56,2338665953425,2338666993068,2338666939475,2338666840992,2338667074201,1120.776,1039.643,986.050,887.567
57,2338682548257,2338683600991,2338683524285,2338683339113,2338683604037,1055.780,1052.734,976.028,790.856
58,2338699228926,2338700238516,2338700170053,2338700082870,2338700324940,1096.014,1009.590,941.127,853.944
59,2338715940701,2338717064449,2338716956533,2338716831270,2338717068857,1128.156,1123.748,1015.832,890.569
60,2338732549662,2338733796531,2338733740485,2338733559428,2338733846375,1296.713,1246.869,1190.823,1009.766
61,2338749325550,2338750506684,2338750380552,2338750258489,2338750660107,1334.557,1181.134,1055.002,932.939
62,2338765885284,2338766948768,2338766874464,2338766778485,2338767276599,1391.315,1063.484,989.180,893.201
63,2338782665005,2338783656828,2338783585753,2338783495886,2338783815887,1150.882,991.823,920.748,830.881
64,2338799299232,2338800289840,2338800217059,2338800138592,2338800369234,1070.002,990.608,917.827,839.360
65,2338815999948,2338817240049,2338817172342,2338817007155,2338817648226,1648.278,1240.101,1172.394,1007.207
66,2338832649873,2338833739463,2338833677987,2338833602409,2338833955880,1306.007,1089.590,1028.114,952.536
67,2338849279710,2338850420733,2338850394995,2338850189497,2338850856070,1576.360,1141.023,1115.285,909.787
68,2338865996031,2338867019943,2338866940175,2338866819515,2338867368046,1372.015,1023.912,944.144,823.484
69,2338882633804,2338883608270,2338883546636,2338883435232,2338883772495,1138.691,974.466,912.832,801.428
70,2338899309180,2338900497947,2338900382870,2338900394476,2338900655588,1346.408,1188.767,1073.690,1085.296
71,2338915910369,2338916907939,2338916828811,2338916719314,2338917256296,1345.927,997.570,918.442,808.945
72,2338932548418,2338933800548,2338933740945,2338933506112,2338933934757,1386.339,1252.130,1192.527,957.694
73,2338949396988,2338950383518,2338950304521,2338950180054,2338950717962,1320.974,986.530,907.533,783.066
74,2338965992894,2338967200595,2338967149662,2338967016068,2338967499534,1506.640,1207.701,1156.768,1023.174
75,2338982552893,2338983700940,2338983663953,2338983480502,2338984046996,1494.103,1148.047,1111.060,927.609
76,2338999324895,2339000406258,2339000354608,2339000206543,2339000816639,1491.744,1081.363,1029.713,881.648
77,2339015899263,2339017045879,2339017007572,2339016871369,2339017401552,1502.289,1146.616,1108.309,972.106
78,2339032719587,2339033723578,2339033643083,2339033534376,2339034098988,1379.401,1003.991,923.496,814.789
79,2339049303843,2339050224697,2339050164984,2339050111327,2339050424246,1120.403,920.854,861.141,807.484
80,2339065932115,2339066995386,2339066924183,2339066759201,2339067021357,1089.242,1063.271,992.068,827.086
81,2339082544659,2339083613305,2339083597501,2339083418070,2339083626782,1082.123,1068.646,1052.842,873.411
82,2339099314743,2339100300412,2339100249415,2339100191829,2339100523557,1208.814,985.669,934.672,877.086
83,2339115879347,2339117015410,2339116900711,2339116857908,2339117338131,1458.784,1136.063,1021.364,978.561
84,2339132645510,2339133804604,2339133735358,2339133787324,2339134129753,1484.243,1159.094,1089.848,1141.814
85,2339149301420,2339150402481,2339150341557,2339150250896,2339150526109,1224.689,1101.061,1040.137,949.476
86,2339165871907,2339166982832,2339166929053,2339166866962,2339167118282,1246.375,1110.925,1057.146,995.055
87,2339182537506,2339183765346,2339183664024,2339183570792,2339183885465,1347.959,1227.840,1126.518,1033.286
88,2339199346954,2339200516324,2339200463169,2339200366002,2339200616472,1269.518,1169.370,1116.215,1019.048
89,2339215883066,2339217275299,2339217109691,2339217034468,2339217491177,1608.111,1392.233,1226.625,1151.402
90,2339232674016,2339233768096,2339233675557,2339233529067,2339233970000,1295.984,1094.080,1001.541,855.051
91,2339249266378,2339250241847,2339250181730,2339250086557,2339250272096,1005.718,975.469,915.352,820.179
92,2339265888264,2339266877555,2339266811224,2339266719045,2339267121651,1233.387,989.291,922.960,830.781
93,2339282594608,2339283608648,2339283536704,2339283440120,2339283755088,1160.480,1014.040,942.096,845.512
94,2339299313507,2339300335577,2339300250705,2339300225919,2339300478127,1164.620,1022.070,937.198,912.412
95,2339315899945,2339317146660,2339317082953,2339316962628,2339317314964,1415.019,1246.715,1183.008,1062.683
96,2339332542633,2339333750925,2339333625156,2339333568485,2339334110154,1567.521,1208.292,1082.523,1025.852
97,2339349227103,2339350393080,2339350289827,2339350225828,2339350490550,1263.447,1165.977,1062.724,998.725
98,2339365944145,2339367160658,2339367064525,2339366956940,2339367451892,1507.747,1216.513,1120.380,1012.795
99,2339382564848,2339383750697,2339383685410,2339383550528,2339383954280,1389.432,1185.849,1120.562,985.680
100,2339399301820,2339400383049,2339400265735,2339400228858,2339400651096,1349.276,1081.229,963.915,927.038
101,2339416023277,2339417186479,2339417084295,2339416991229,2339417369118,1345.841,1163.202,1061.018,967.952
102,2339432607763,2339433692870,2339433616030,2339433505656,2339433696231,1088.468,1085.107,1008.267,897.893
103,2339449267377,2339450262569,2339450189991,2339450089311,2339450465774,1198.397,995.192,922.614,821.934
104,2339465940562,2339467115073,2339467034373,2339466892287,2339467494396,1553.834,1174.511,1093.811,951.725
105,2339482665759,2339483806599,2339483740580,2339483630457,2339484034455,1368.696,1140.840,1074.821,964.698
106,2339499229914,2339500412950,2339500361032,2339500191713,2339500435407,1205.493,1183.036,1131.118,961.799
107,2339515877985,2339517026033,2339516958846,2339516817164,2339517076370,1198.385,1148.048,1080.861,939.179
108,2339532545981,2339533757179,2339533678089,2339533526614,2339534111563,1565.582,1211.198,1132.108,980.633
109,2339549336941,2339550513713,2339550438762,2339550267727,2339550753316,1416.375,1176.772,1101.821,930.786
110,2339566023931,2339567208400,2339567161861,2339567008119,2339567329072,1305.141,1184.469,1137.930,984.188
111,2339582551684,2339583746052,2339583628101,2339583596433,2339583916769,1365.085,1194.368,1076.417,1044.749
112,2339599210033,2339600359518,2339600199906,2339600139179,2339600669619,1459.586,1149.485,989.873,929.146
113,2339616079884,2339617076092,2339617015803,2339616934562,2339617200391,1120.507,996.208,935.919,854.678
114,2339632587243,2339633744404,2339633673330,2339633504256,2339633762371,1175.128,1157.161,1086.087,917.013
115,2339649209987,2339650255923,2339650186812,2339650094904,2339650462835,1252.848,1045.936,976.825,884.917
116,2339665872599,2339666987942,2339666913215,2339666905667,2339667189628,1317.029,1115.343,1040.616,1033.068
117,2339682559934,2339683725239,2339683653887,2339683492158,2339683749976,1190.042,1165.305,1093.953,932.224
118,2339699202257,2339700339088,2339700277426,2339700160319,2339700428530,1226.273,1136.831,1075.169,958.062
119,2339715897538,2339717133121,2339716928869,2339716931804,2339717362343,1464.805,1235.583,1031.331,1034.266
120,2339732600314,2339733747045,2339733665953,2339733520547,2339733850930,1250.616,1146.731,1065.639,920.233
121,2339749263293,2339750436728,2339750364610,2339750305084,2339750697323,1434.030,1173.435,1101.317,1041.791
122,2339765982496,2339766994951,2339766868295,2339766883128,2339767259283,1276.787,1012.455,885.799,900.632
123,2339782667422,2339783699965,2339783629282,2339783470686,2339783737896,1070.474,1032.543,961.860,803.264
124,2339799281704,2339800290289,2339800209939,2339800167533,2339800426446,1144.742,1008.585,928.235,885.829
125,2339815945208,2339817002341,2339816934895,2339816847475,2339817139551,1194.343,1057.133,989.687,902.267
126,2339832544703,2339833716065,2339833637001,2339833501975,2339833728827,1184.124,1171.362,1092.298,957.272
127,2339849384108,2339850494779,2339850437405,2339850333456,2339850695892,1311.784,1110.671,1053.297,949.348
128,2339866014880,2339867199215,2339867050188,2339867070908,2339867675651,1660.771,1184.335,1035.308,1056.028
129,2339882587616,2339883807484,2339883654161,2339883698294,2339883861590,1273.974,1219.868,1066.545,1110.678
130,2339899255786,2339900443203,2339900363709,2339900250739,2339900460160,1204.374,1187.417,1107.923,994.953
131,2339915925803,2339917089189,2339917044978,2339916863773,2339917357527,1431.724,1163.386,1119.175,937.970
132,2339932743499,2339933747039,2339933627420,2339933597891,2339934073891,1330.392,1003.540,883.921,854.392
133,2339949252068,2339950251203,2339950143615,2339950127878,2339950433729,1181.661,999.135,891.547,875.810
134,2339965915570,2339967135907,2339966929580,2339967043133,2339967139130,1223.560,1220.337,1014.010,1127.563
135,2339982573659,2339983624840,2339983548840,2339983390775,2339983663470,1089.811,1051.181,975.181,817.116
136,2339999207958,2340000230523,2340000160366,2340000029662,2340000403159,1195.201,1022.565,952.408,821.704
137,2340015879843,2340016886226,2340016802805,2340016689545,2340017125876,1246.033,1006.383,922.962,809.702
138,2340032570316,2340033558499,2340033494494,2340033422452,2340033694132,1123.816,988.183,924.178,852.136
139,2340049209191,2340050391979,2340050316359,2340050135192,2340050635254,1426.063,1182.788,1107.168,926.001
140,2340066044328,2340067016048,2340066951564,2340066853153,2340067092360,1048.032,971.720,907.236,808.825
141,2340082538808,2340083713410,2340083643212,2340083475900,2340083858290,1319.482,1174.602,1104.404,937.092
142,2340099348702,2340100534444,2340100428650,2340100418462,2340100844450,1495.748,1185.742,1079.948,1069.760
143,2340115960268,2340116956705,2340116835321,2340116836717,2340117180301,1220.033,996.437,875.053,876.449
144,2340132545995,2340133774453,2340133673358,2340133599760,2340134063577,1517.582,1228.458,1127.363,1053.765
145,2340149217754,2340150345868,2340150281373,2340150186524,2340150580877,1363.123,1128.114,1063.619,968.770
146,2340165897459,2340167045214,2340166928554,2340166816112,2340167115088,1217.629,1147.755,1031.095,918.653
147,2340182665973,2340183647340,2340183585382,2340183504679,2340183734868,1068.895,981.367,919.409,838.706
148,2340199272579,2340200296448,2340200182298,2340200184263,2340200391898,1119.319,1023.869,909.719,911.684
149,2340215986388,2340216996002,2340216914835,2340216812990,2340217058415,1072.027,1009.614,928.447,826.602
150,2340232691120,2340233749868,2340233670058,2340233589784,2340233834799,1143.679,1058.748,978.938,898.664
151,2340249352741,2340250408444,2340250324055,2340250223760,2340250522952,1170.211,1055.703,971.314,871.019
152,2340265950375,2340266919664,2340266858190,2340266787882,2340267048744,1098.369,969.289,907.815,837.507
153,2340282592580,2340283588101,2340283436224,2340283490438,2340283701087,1108.507,995.521,843.644,897.858
154,2340299210375,2340300232263,2340300167484,2340300039297,2340300299125,1088.750,1021.888,957.109,828.922
155,2340315946998,2340317016783,2340316937764,2340316848797,2340317023964,1076.966,1069.785,990.766,901.799
156,2340332539611,2340333567310,2340333487931,2340333369874,2340333771919,1232.308,1027.699,948.320,830.263
157,2340349209112,2340350214201,2340350129589,2340350009288,2340350515706,1306.594,1005.089,920.477,800.176
158,2340365876894,2340366959778,2340366855010,2340366802371,2340367128282,1251.388,1082.884,978.116,925.477
159,2340382532401,2340383660685,2340383515086,2340383535607,2340384172239,1639.838,1128.284,982.685,1003.206
160,2340399241968,2340400291496,2340400234960,2340400066754,2340400711654,1469.686,1049.528,992.992,824.786
161,2340415953883,2340416998616,2340416912008,2340416795728,2340417362326,1408.443,1044.733,958.125,841.845
162,2340432543520,2340433573455,2340433442861,2340433433347,2340433981762,1438.242,1029.935,899.341,889.827
163,2340449201674,2340450282497,2340450131796,2340450153449,2340450334976,1133.302,1080.823,930.122,951.775
164,2340465936277,2340467105850,2340467041030,2340466887091,2340467162800,1226.523,1169.573,1104.753,950.814
165,2340482600012,2340483836164,2340483754523,2340483590656,2340483922056,1322.044,1236.152,1154.511,990.644
166,2340499214126,2340500291799,2340500228494,2340500139772,2340500297176,1083.050,1077.673,1014.368,925.646
167,2340515941098,2340517075500,2340516997135,2340516897557,2340517305408,1364.310,1134.402,1056.037,956.459
168,2340532620649,2340533791749,2340533670912,2340533644781,2340533944259,1323.610,1171.100,1050.263,1024.132
169,2340549213584,2340550409176,2340550316650,2340550167476,2340550767541,1553.957,1195.592,1103.066,953.892
170,2340565862752,2340566911126,2340566839791,2340566674065,2340566943562,1080.810,1048.374,977.039,811.313
171,2340582590967,2340583623528,2340583555420,2340583392000,2340583645773,1054.806,1032.561,964.453,801.033
172,2340599263844,2340600284252,2340600185270,2340600126632,2340600482714,1218.870,1020.408,921.426,862.788
173,2340615894238,2340617111900,2340616936131,2340616875117,2340617283194,1388.956,1217.662,1041.893,980.879
174,2340632638656,2340633916165,2340633860184,2340633735634,2340634058058,1419.402,1277.509,1221.528,1096.978
175,2340649209356,2340650185058,2340650139575,2340650005421,2340650599186,1389.830,975.702,930.219,796.065
176,2340665947740,2340666945221,2340666891428,2340666785273,2340667045550,1097.810,997.481,943.688,837.533
177,2340682597319,2340683854863,2340683810696,2340683660303,2340684030681,1433.362,1257.544,1213.377,1062.984
178,2340699216726,2340700409901,2340700366664,2340700204283,2340700446568,1229.842,1193.175,1149.938,987.557
179,2340715931998,2340717171462,2340717084988,2340716906728,2340717198671,1266.673,1239.464,1152.990,974.730
180,2340732556408,2340733887898,2340733803317,2340733714423,2340734051581,1495.173,1331.490,1246.909,1158.015
181,2340749335070,2340750347469,2340750291399,2340750156753,2340750428502,1093.432,1012.399,956.329,821.683
182,2340765947859,2340767091079,2340767027996,2340766932656,2340767416331,1468.472,1143.220,1080.137,984.797
183,2340782690870,2340783670654,2340783628287,2340783500723,2340784081536,1390.666,979.784,937.417,809.853
184,2340799211060,2340800264887,2340800205271,2340800081970,2340800620271,1409.211,1053.827,994.211,870.910
185,2340815863695,2340817032739,2340816848050,2340816885642,2340817329864,1466.169,1169.044,984.355,1021.947
186,2340832598411,2340833791783,2340833759733,2340833577452,2340834056420,1458.009,1193.372,1161.322,979.041
187,2340849250740,2340850283153,2340850211049,2340850049433,2340850305774,1055.034,1032.413,960.309,798.693
188,2340865883112,2340866932154,2340866863517,2340866720278,2340867240648,1357.536,1049.042,980.405,837.166
189,2340882542184,2340883542939,2340883492254,2340883334672,2340883845466,1303.282,1000.755,950.070,792.488
190,2340899273260,2340900471603,2340900359656,2340900338525,2340900608118,1334.858,1198.343,1086.396,1065.265
191,2340915972939,2340917100849,2340917067016,2340916916741,2340917392533,1419.594,1127.910,1094.077,943.802
192,2340932615299,2340933593325,2340933534387,2340933437838,2340933674067,1058.768,978.026,919.088,822.539
193,2340949300992,2340950382825,2340950345692,2340950217825,2340950635896,1334.904,1081.833,1044.700,916.833
194,2340966049429,2340967325703,2340967267693,2340967059540,2340967740054,1690.625,1276.274,1218.264,1010.111
195,2340982708340,2340983846597,2340983786902,2340983674714,2340983924303,1215.963,1138.257,1078.562,966.374
196,2340999207932,2341000275746,2341000245342,2341000069381,2341000520634,1312.702,1067.814,1037.410,861.449
197,2341015981748,2341017106657,2341016990486,2341016986091,2341017255145,1273.397,1124.909,1008.738,1004.343
198,2341032545813,2341033720284,2341033599149,2341033544415,2341033993325,1447.512,1174.471,1053.336,998.602
199,2341049346501,2341050555821,2341050471982,2341050335112,2341050745289,1398.788,1209.320,1125.481,988.611
200,2341065877453,2341066947794,2341066866173,2341066763825,2341067235649,1358.196,1070.341,988.720,886.372
201,2341082549770,2341083727256,2341083628813,2341083551260,2341083887935,1338.165,1177.486,1079.043,1001.490
202,2341099210982,2341100242344,2341100158494,2341100068057,2341100573805,1362.823,1031.362,947.512,857.075
203,2341115878428,2341116891165,2341116808704,2341116700388,2341117168470,1290.042,1012.737,930.276,821.960
204,2341132610737,2341133808713,2341133738370,2341133557258,2341133814535,1203.798,1197.976,1127.633,946.521
205,2341149263334,2341150467473,2341150393194,2341150286931,2341150693990,1430.656,1204.139,1129.860,1023.597
206,2341165876919,2341166993612,2341166909474,2341166742018,2341167254401,1377.482,1116.693,1032.555,865.099
207,2341182542328,2341183727643,2341183601376,2341183515656,2341183870152,1327.824,1185.315,1059.048,973.328
208,2341199210484,2341200385520,2341200313524,2341200182230,2341200799626,1589.142,1175.036,1103.040,971.746
209,2341215963030,2341216978799,2341216904656,2341216809268,2341217011668,1048.638,1015.769,941.626,846.238
210,2341232561911,2341233816620,2341233788500,2341233621816,2341233824505,1262.594,1254.709,1226.589,1059.905
211,2341249395323,2341250492741,2341250365298,2341250302341,2341250615933,1220.610,1097.418,969.975,907.018
212,2341266021310,2341267058453,2341266994081,2341266847567,2341267111934,1090.624,1037.143,972.771,826.257
213,2341282542679,2341283758917,2341283672840,2341283500192,2341283931014,1388.335,1216.238,1130.161,957.513
214,2341299268957,2341300308437,2341300172782,2341300191610,2341300432467,1163.510,1039.480,903.825,922.653
215,2341315887842,2341316889787,2341316810170,2341316694056,2341317254808,1366.966,1001.945,922.328,806.214
216,2341332651217,2341333637907,2341333577404,2341333490741,2341333777805,1126.588,986.690,926.187,839.524
217,2341349238052,2341350783496,2341350606588,2341350657301,2341351222363,1984.311,1545.444,1368.536,1419.249
218,2341365941556,2341366973328,2341366904930,2341366797443,2341367094872,1153.316,1031.772,963.374,855.887
219,2341382606714,2341383601425,2341383534168,2341383429612,2341383691940,1085.226,994.711,927.454,822.898
220,2341399257015,2341400509475,2341400438559,2341400261187,2341400799546,1542.531,1252.460,1181.544,1004.172
221,2341415874876,2341416880217,2341416827921,2341416676088,2341417219454,1344.578,1005.341,953.045,801.212
222,2341432622515,2341433663381,2341433594899,2341433520125,2341433767695,1145.180,1040.866,972.384,897.610
223,2341449208120,2341450347189,2341450274107,2341450127197,2341450694551,1486.431,1139.069,1065.987,919.077
224,2341466049383,2341467074262,2341467011612,2341466911037,2341467161567,1112.184,1024.879,962.229,861.654
225,2341482545429,2341483741513,2341483675653,2341483527979,2341484149969,1604.540,1196.084,1130.224,982.550
226,2341499277325,2341500327587,2341500283672,2341500137835,2341500568261,1290.936,1050.262,1006.347,860.510
227,2341516059186,2341517175546,2341517101850,2341516993589,2341517604765,1545.579,1116.360,1042.664,934.403
228,2341532597614,2341533585569,2341533521624,2341533444402,2341533699331,1101.717,987.955,924.010,846.788
229,2341549210585,2341550278842,2341550164411,2341550116930,2341550560017,1349.432,1068.257,953.826,906.345
230,2341566037788,2341567097654,2341566994414,2341566985415,2341567229338,1191.550,1059.866,956.626,947.627
231,2341582614669,2341583555978,2341583468493,2341583412686,2341583732659,1117.990,941.309,853.824,798.017
232,2341599256978,2341600412115,2341600372352,2341600216343,2341600518980,1262.002,1155.137,1115.374,959.365
233,2341615923984,2341617097276,2341616907924,2341616833145,2341617345773,1421.789,1173.292,983.940,909.161
234,2341632532843,2341633710739,2341633553170,2341633587771,2341633762127,1229.284,1177.896,1020.327,1054.928
235,2341649210763,2341650223789,2341650137922,2341650020970,2341650581674,1370.911,1013.026,927.159,810.207
236,2341665970309,2341666982880,2341666852446,2341666840523,2341667146025,1175.716,1012.571,882.137,870.214
237,2341682544301,2341683647412,2341683513919,2341683465202,2341683890004,1345.703,1103.111,969.618,920.901
238,2341699208720,2341700261528,2341700179606,2341700063796,2341700701572,1492.852,1052.808,970.886,855.076
239,2341715952988,2341716942694,2341716871167,2341716772797,2341717223460,1270.472,989.706,918.179,819.809
240,2341732546867,2341733776625,2341733613821,2341733484080,2341733851032,1304.165,1229.758,1066.954,937.213
241,2341749225186,2341750390938,2341750305736,2341750200862,2341750634375,1409.189,1165.752,1080.550,975.676
242,2341765916790,2341767418275,2341767233526,2341767122439,2341767420971,1504.181,1501.485,1316.736,1205.649
243,2341782568156,2341784078392,2341783849972,2341783783620,2341784332572,1764.416,1510.236,1281.816,1215.464
244,2341799238287,2341800745055,2341800552895,2341800488656,2341800813601,1575.314,1506.768,1314.608,1250.369
245,2341815932560,2341817493357,2341817295653,2341817216178,2341837862582,21930.022,1560.797,1363.093,1283.618
246,2341832629604,2341834020695,2341833955746,2341833862780,2341837866715,5237.111,1391.091,1326.142,1233.176
247,2341849245081,2341850430294,2341850299036,2341850252863,2341850526189,1281.108,1185.213,1053.955,1007.782
248,2341865903882,2341867460698,2341867370642,2341867292905,2341867646368,1742.486,1556.816,1466.760,1389.023
249,2341882702054,2341883884678,2341883797626,2341883633247,2341884111633,1409.579,1182.624,1095.572,931.193
250,2341899219372,2341900451700,2341900304083,2341900187970,2341900577942,1358.570,1232.328,1084.711,968.598
251,2341915885251,2341916883796,2341916829742,2341916692943,2341917013658,1128.407,998.545,944.491,807.692
252,2341932585276,2341933615213,2341933547370,2341933421972,2341933696627,1111.351,1029.937,962.094,836.696
253,2341949255316,2341950309996,2341950237837,2341950072027,2341950337194,1081.878,1054.680,982.521,816.711
254,2341966083999,2341967143938,2341967052595,2341966983504,2341967298008,1214.009,1059.939,968.596,899.505
255,2341982613865,2341983632053,2341983559882,2341983396496,2341983656985,1043.120,1018.188,946.017,782.631
256,2341999250379,2342000326135,2342000249227,2342000076805,2342000339085,1088.706,1075.756,998.848,826.426
257,2342015873131,2342017079015,2342017027097,2342016866130,2342017213088,1339.957,1205.884,1153.966,992.999
258,2342032544553,2342033720199,2342033685361,2342033514235,2342034106167,1561.614,1175.646,1140.808,969.682
259,2342049251102,2342050359069,2342050298615,2342050206824,2342050454573,1203.471,1107.967,1047.513,955.722
260,2342065882326,2342067313173,2342067248342,2342067132541,2342067388069,1505.743,1430.847,1366.016,1250.215
261,2342082547362,2342083580355,2342083516115,2342083353920,2342083607715,1060.353,1032.993,968.753,806.558
262,2342099278579,2342100461306,2342100317018,2342100314147,2342100884218,1605.639,1182.727,1038.439,1035.568
263,2342116027366,2342117135288,2342117069915,2342117061080,2342117331808,1304.442,1107.922,1042.549,1033.714
264,2342132646645,2342133748725,2342133677224,2342133464910,2342134285553,1638.908,1102.080,1030.579,818.265
265,2342149295359,2342150277491,2342150207439,2342150138819,2342150518217,1222.858,982.132,912.080,843.460
266,2342165873288,2342167073157,2342166994096,2342166812458,2342167234697,1361.409,1199.869,1120.808,939.170
267,2342182711177,2342183748107,2342183679746,2342183501755,2342183867853,1156.676,1036.930,968.569,790.578
268,2342199401483,2342200397851,2342200279843,2342200248633,2342200667584,1266.101,996.368,878.360,847.150
269,2342215937555,2342217177616,2342217071178,2342216871979,2342217290788,1353.233,1240.061,1133.623,934.424
270,2342232558479,2342233700191,2342233606116,2342233630956,2342233852224,1293.745,1141.712,1047.637,1072.477
271,2342249197904,2342250142432,2342250084733,2342250012814,2342250175621,977.717,944.528,886.829,814.910
272,2342265886825,2342266933075,2342266848593,2342266714291,2342267138570,1251.745,1046.250,961.768,827.466
273,2342282653193,2342283666113,2342283593102,2342283473879,2342284086463,1433.270,1012.920,939.909,820.686
274,2342299217921,2342300252229,2342300187560,2342300070721,2342300328262,1110.341,1034.308,969.639,852.800
275,2342315939408,2342316968332,2342316909541,2342316803209,2342317098163,1158.755,1028.924,970.133,863.801
276,2342332542122,2342333742552,2342333703575,2342333512512,2342333966223,1424.101,1200.430,1161.453,970.390
277,2342349215900,2342350451435,2342350365519,2342350289284,2342350544564,1328.664,1235.535,1149.619,1073.384
278,2342365878567,2342366895512,2342366765469,2342366740455,2342367192949,1314.382,1016.945,886.902,861.888
279,2342382653645,2342383639835,2342383579772,2342383431204,2342384024087,1370.442,986.190,926.127,777.559
280,2342399320438,2342400352579,2342400271280,2342400146431,2342400742826,1422.388,1032.141,950.842,825.993
281,2342416027018,2342417038260,2342416966517,2342416849705,2342417117926,1090.908,1011.242,939.499,822.687
282,2342432542091,2342433576148,2342433490198,2342433364601,2342433814394,1272.303,1034.057,948.107,822.510
283,2342449390192,2342450382820,2342450317617,2342450219446,2342450466744,1076.552,992.628,927.425,829.254
284,2342465945868,2342467016486,2342466910678,2342466883887,2342467226288,1280.420,1070.618,964.810,938.019
285,2342482622993,2342483597022,2342483532112,2342483418483,2342483783711,1160.718,974.029,909.119,795.490
286,2342499208042,2342500216507,2342500152319,2342500013447,2342500381272,1173.230,1008.465,944.277,805.405
287,2342515890149,2342517008345,2342516948612,2342516798175,2342517346356,1456.207,1118.196,1058.463,908.026
288,2342532725418,2342533694708,2342533589775,2342533558589,2342533914330,1188.912,969.290,864.357,833.171
289,2342549227830,2342550341116,2342550280156,2342550114967,2342550591899,1364.069,1113.286,1052.326,887.137
290,2342565983858,2342566988919,2342566925381,2342566813917,2342567224058,1240.200,1005.061,941.523,830.059
291,2342582606085,2342583619777,2342583553864,2342583414093,2342583687373,1081.288,1013.692,947.779,808.008
292,2342599210381,2342600397182,2342600317890,2342600190533,2342600685351,1474.970,1186.801,1107.509,980.152
293,2342616080758,2342617236799,2342617186722,2342617025736,2342617306929,1226.171,1156.041,1105.964,944.978
294,2342632540211,2342633606344,2342633533172,2342633370476,2342633642724,1102.513,1066.133,992.961,830.265
295,2342649800384,2342650927455,2342650842932,2342650763050,2342651356929,1556.545,1127.071,1042.548,962.666
296,2342665880082,2342666890683,2342666806945,2342666683480,2342667278414,1398.332,1010.601,926.863,803.398
297,2342682629578,2342683603563,2342683538410,2342683442221,2342683686091,1056.513,973.985,908.832,812.643
298,2342699209335,2342700297999,2342700219059,2342700174266,2342700436270,1226.935,1088.664,1009.724,964.931
299,2342715876668,2342716998039,2342716951323,2342716705796,2342717152060,1275.392,1121.371,1074.655,829.128
300,2342732531670,2342733733084,2342733616389,2342733646355,2342733928606,1396.936,1201.414,1084.719,1114.685
301,2342749241514,2342750270767,2342750203306,2342750046467,2342750310934,1069.420,1029.253,961.792,804.953
302,2342765879628,2342766919147,2342766830797,2342766701267,2342767392240,1512.612,1039.519,951.169,821.639
303,2342782633426,2342783594742,2342783531506,2342783446947,2342783681647,1048.221,961.316,898.080,813.521
304,2342799268868,2342800357084,2342800252622,2342800218867,2342800656392,1387.524,1088.216,983.754,949.999
305,2342815881157,2342816963489,2342816895427,2342816762347,2342817064813,1183.656,1082.332,1014.270,881.190
306,2342832542192,2342833715931,2342833634337,2342833501371,2342834059233,1517.041,1173.739,1092.145,959.179
307,2342849342343,2342850337897,2342850267950,2342850128612,2342850784117,1441.774,995.554,925.607,786.269
308,2342866066745,2342867063694,2342866986575,2342866878940,2342867418285,1351.540,996.949,919.830,812.195
309,2342882652797,2342883794347,2342883711612,2342883621385,2342883897803,1245.006,1141.550,1058.815,968.588
310,2342899291020,2342900301301,2342900185959,2342900178338,2342900387766,1096.746,1010.281,894.939,887.318
311,2342916047408,2342917165412,2342917114197,2342916962801,2342917611645,1564.237,1118.004,1066.789,915.393
312,2342932602003,2342933756829,2342933645886,2342933660423,2342933901373,1299.370,1154.826,1043.883,1058.420
313,2342949274573,2342950228261,2342950117444,2342950115639,2342950380355,1105.782,953.688,842.871,841.066
314,2342965876331,2342967045998,2342966976726,2342966865856,2342967176618,1300.287,1169.667,1100.395,989.525
315,2342982543494,2342983546752,2342983492417,2342983344394,2342983867449,1323.955,1003.258,948.923,800.900
316,2342999357691,2343000555744,2343000498374,2343000335969,2343000697675,1339.984,1198.053,1140.683,978.278
317,2343015947703,2343017087667,2343016980132,2343016956007,2343017200377,1252.674,1139.964,1032.429,1008.304
318,2343032542545,2343033577306,2343033497412,2343033363598,2343033949191,1406.646,1034.761,954.867,821.053
319,2343049319582,2343050475498,2343050407159,2343050270848,2343050545536,1225.954,1155.916,1087.577,951.266
320,2343065910698,2343067090002,2343066934813,2343066970604,2343067167833,1257.135,1179.304,1024.115,1059.906
321,2343082596115,2343083769476,2343083711197,2343083517877,2343083774870,1178.755,1173.361,1115.082,921.762
322,2343099210838,2343100390941,2343100353102,2343100173161,2343100395560,1184.722,1180.103,1142.264,962.323
323,2343115889875,2343117120595,2343117010299,2343116930353,2343117294939,1405.064,1230.720,1120.424,1040.478
324,2343132658236,2343133912102,2343133841314,2343133768799,2343134035514,1377.278,1253.866,1183.078,1110.563
325,2343149343072,2343150400429,2343150328508,2343150245542,2343150593905,1250.833,1057.357,985.436,902.470
326,2343165878354,2343166977077,2343166924015,2343166805433,2343167187301,1308.947,1098.723,1045.661,927.079
327,2343182636712,2343183656972,2343183598781,2343183485801,2343183850212,1213.500,1020.260,962.069,849.089
328,2343199424448,2343200575543,2343200498801,2343200397821,2343200931707,1507.259,1151.095,1074.353,973.373
329,2343215879821,2343217176030,2343217010138,2343216834317,2343217271690,1391.869,1296.209,1130.317,954.496
330,2343232626070,2343233715220,2343233622659,2343233480516,2343233870511,1244.441,1089.150,996.589,854.446
331,2343249262124,2343250346085,2343250157072,2343250195155,2343250790598,1528.474,1083.961,894.948,933.031
332,2343265892728,2343267076917,2343266978515,2343266877919,2343267096851,1204.123,1184.189,1085.787,985.191
333,2343282657196,2343283671740,2343283596688,2343283488879,2343284045196,1388.000,1014.544,939.492,831.683
334,2343299358516,2343300328770,2343300255655,2343300166980,2343300441353,1082.837,970.254,897.139,808.464
335,2343315993800,2343316987563,2343316937695,2343316842191,2343317198368,1204.568,993.763,943.895,848.391
336,2343332610624,2343333568861,2343333512644,2343333402555,2343333684165,1073.541,958.237,902.020,791.931
337,2343349279814,2343350619314,2343350546911,2343350368591,2343350738518,1458.704,1339.500,1267.097,1088.777
338,2343366324711,2343367548680,2343367487123,2343367343273,2343367729519,1404.808,1223.969,1162.412,1018.562
339,2343382542881,2343383556795,2343383418865,2343383378316,2343383941233,1398.352,1013.914,875.984,835.435
340,2343399322118,2343400369411,2343400236814,2343400213157,2343400739481,1417.363,1047.293,914.696,891.039
341,2343415934327,2343416927700,2343416865622,2343416763588,2343417022374,1088.047,993.373,931.295,829.261
342,2343432542015,2343433554605,2343433442001,2343433395135,2343433786027,1244.012,1012.590,899.986,853.120
343,2343449222445,2343450213233,2343450133382,2343450000471,2343450393999,1171.554,990.788,910.937,778.026
344,2343465934348,2343467052957,2343467001543,2343466880986,2343467175091,1240.743,1118.609,1067.195,946.638
345,2343482655590,2343483804550,2343483756871,2343483595558,2343484096235,1440.645,1148.960,1101.281,939.968
346,2343499332918,2343500489393,2343500410718,2343500280826,2343500785731,1452.813,1156.475,1077.800,947.908
347,2343515965912,2343516916550,2343516847150,2343516783960,2343516951250,985.338,950.638,881.238,818.048
348,2343532633761,2343533619331,2343533553731,2343533467276,2343533829392,1195.631,985.570,919.970,833.515
349,2343549327152,2343550306495,2343550206361,2343550167685,2343550523300,1196.148,979.343,879.209,840.533
350,2343565870075,2343566908072,2343566827714,2343566669912,2343567219672,1349.597,1037.997,957.639,799.837
351,2343582548024,2343583672478,2343583600404,2343583587834,2343583825808,1277.784,1124.454,1052.380,1039.810
352,2343599276190,2343600263001,2343600173278,2343600125257,2343600435692,1159.502,986.811,897.088,849.067
353,2343615943734,2343616970403,2343616907450,2343616792595,2343617053397,1109.663,1026.669,963.716,848.861
354,2343632560626,2343634122861,2343633971828,2343633847476,2343634259617,1698.991,1562.235,1411.202,1286.850
355,2343649413901,2343650396094,2343650287594,2343650251391,2343650537710,1123.809,982.193,873.693,837.490
356,2343666083886,2343667078106,2343666967814,2343666957298,2343667293072,1209.186,994.220,883.928,873.412
357,2343682556143,2343683629342,2343683455827,2343683483488,2343683631676,1075.533,1073.199,899.684,927.345
358,2343699289971,2343700491829,2343700463196,2343700288884,2343700494198,1204.227,1201.858,1173.225,998.913
359,2343716034023,2343717030405,2343716877247,2343716888894,2343717095863,1061.840,996.382,843.224,854.871
360,2343732613309,2343733884905,2343733722162,2343733676036,2343734006203,1392.894,1271.596,1108.853,1062.727
361,2343749298134,2343750304672,2343750172952,2343750192102,2343750462719,1164.585,1006.538,874.818,893.968
362,2343765922518,2343766931742,2343766799860,2343766825151,2343767069651,1147.133,1009.224,877.342,902.633
363,2343782581701,2343783628238,2343783565168,2343783485156,2343783741566,1159.865,1046.537,983.467,903.455
364,2343799212945,2343800281367,2343800246366,2343800208064,2343800371987,1159.042,1068.422,1033.421,995.119
365,2343815880627,2343816896501,2343816817181,2343816690897,2343817117076,1236.449,1015.874,936.554,810.270
366,2343832710919,2343833669556,2343833607151,2343833540137,2343833758016,1047.097,958.637,896.232,829.218
367,2343849206448,2343850211937,2343850131505,2343849990817,2343850629717,1423.269,1005.489,925.057,784.369
368,2343866041793,2343867184624,2343867123837,2343867012137,2343867267226,1225.433,1142.831,1082.044,970.344
369,2343882544500,2343883696408,2343883634007,2343883539606,2343883792946,1248.446,1151.908,1089.507,995.106
370,2343899294124,2343900273908,2343900223341,2343900183346,2343900440837,1146.713,979.784,929.217,889.222
371,2343916024802,2343917014958,2343916950418,2343916931145,2343917274977,1250.175,990.156,925.616,906.343
372,2343932541593,2343933695615,2343933627765,2343933509083,2343933787840,1246.247,1154.022,1086.172,967.490
373,2343949294677,2343950326664,2343950255188,2343950085333,2343950354801,1060.124,1031.987,960.511,790.656
374,2343965876348,2343967077289,2343966972853,2343966883983,2343967218901,1342.553,1200.941,1096.505,1007.635
375,2343982671161,2343983655418,2343983601604,2343983458998,2343984070464,1399.303,984.257,930.443,787.837
376,2343999287392,2344000492334,2344000451787,2344000276261,2344000869433,1582.041,1204.942,1164.395,988.869
377,2344015983442,2344017074528,2344016838251,2344016824478,2344017190944,1207.502,1091.086,854.809,841.036
378,2344032599292,2344033606669,2344033540947,2344033434143,2344033629038,1029.746,1007.377,941.655,834.851
379,2344049239420,2344050214765,2344050134518,2344050025406,2344050404814,1165.394,975.345,895.098,785.986
380,2344065911586,2344066952160,2344066884085,2344066781834,2344067046011,1134.425,1040.574,972.499,870.248
381,2344083131222,2344084386496,2344084327978,2344084151335,2344084764693,1633.471,1255.274,1196.756,1020.113
382,2344099275647,2344100459377,2344100381804,2344100230194,2344100629819,1354.172,1183.730,1106.157,954.547
383,2344116075702,2344117143497,2344117077566,2344116977688,2344117271064,1195.362,1067.795,1001.864,901.986
384,2344132542860,2344133534313,2344133466323,2344133354848,2344133867120,1324.260,991.453,923.463,811.988
385,2344149258499,2344150476639,2344150422774,2344150254421,2344150603360,1344.861,1218.140,1164.275,995.922
386,2344165877117,2344166881561,2344166763474,2344166735568,2344167114579,1237.462,1004.444,886.357,858.451
387,2344182591821,2344183805024,2344183737312,2344183542740,2344183828936,1237.115,1213.203,1145.491,950.919
388,2344199256545,2344200427040,2344200321531,2344200320204,2344200633052,1376.507,1170.495,1064.986,1063.659
389,2344215973431,2344217146501,2344217080275,2344216918931,2344217306730,1333.299,1173.070,1106.844,945.500
390,2344232621512,2344233670436,2344233605782,2344233453789,2344233681513,1060.001,1048.924,984.270,832.277
391,2344249235158,2344250235714,2344250127353,2344250135124,2344250441692,1206.534,1000.556,892.195,899.966
392,2344265969060,2344267011731,2344266945431,2344266795408,2344267055293,1086.233,1042.671,976.371,826.348
393,2344282541131,2344283593837,2344283499800,2344283435365,2344283801038,1259.907,1052.706,958.669,894.234
394,2344299282397,2344300321011,2344300174858,2344300216219,2344300447079,1164.682,1038.614,892.461,933.822
395,2344315977502,2344316988917,2344316919126,2344316806297,2344317115356,1137.854,1011.415,941.624,828.795
396,2344332637586,2344333877455,2344333803837,2344333587994,2344334278675,1641.089,1239.869,1166.251,950.408
397,2344349278436,2344350240683,2344350129025,2344350129758,2344350395361,1116.925,962.247,850.589,851.322
398,2344365878270,2344366938382,2344366862910,2344366755815,2344367224290,1346.020,1060.112,984.640,877.545
399,2344382559670,2344383652226,2344383588364,2344383476079,2344383949222,1389.552,1092.556,1028.694,916.409
400,2344399355406,2344400345837,2344400291670,2344400214491,2344400462857,1107.451,990.431,936.264,859.085
401,2344415938808,2344416929553,2344416844646,2344416787395,2344416939711,1000.903,990.745,905.838,848.587
402,2344432643157,2344433650336,2344433601737,2344433453998,2344433832971,1189.814,1007.179,958.580,810.841
403,2344449222385,2344450358508,2344450294977,2344450203282,2344450443136,1220.751,1136.123,1072.592,980.897
404,2344465873103,2344466890083,2344466811321,2344466692976,2344466894252,1021.149,1016.980,938.218,819.873
405,2344482657076,2344483769944,2344483720371,2344483588149,2344484207229,1550.153,1112.868,1063.295,931.073
406,2344499211697,2344500225553,2344500151235,2344500040092,2344500382540,1170.843,1013.856,939.538,828.395
407,2344516066995,2344517187400,2344517085883,2344517064206,2344517412929,1345.934,1120.405,1018.888,997.211
408,2344532540800,2344533554138,2344533443062,2344533421188,2344533845532,1304.732,1013.338,902.262,880.388
409,2344549210496,2344550216045,2344550099148,2344550053039,2344550490510,1280.014,1005.549,888.652,842.543
410,2344565954433,2344567045900,2344566903678,2344566829578,2344567137406,1182.973,1091.467,949.245,875.145
411,2344582556584,2344583530407,2344583464623,2344583365382,2344583615188,1058.604,973.823,908.039,808.798
412,2344599278344,2344600315883,2344600194577,2344600210378,2344600393311,1114.967,1037.539,916.233,932.034
413,2344615935380,2344617077673,2344617002824,2344616893218,2344617460501,1525.121,1142.293,1067.444,957.838
414,2344632563280,2344633833876,2344633698844,2344633606042,2344634172254,1608.974,1270.596,1135.564,1042.762
415,2344649330082,2344650268290,2344650209138,2344650127841,2344650294306,964.224,938.208,879.056,797.759
416,2344666064299,2344667245349,2344667186584,2344667032156,2344667250769,1186.470,1181.050,1122.285,967.857
417,2344682654348,2344683703914,2344683624631,2344683499075,2344683922275,1267.927,1049.566,970.283,844.727
418,2344699344123,2344700374837,2344700255559,2344700211354,2344700544540,1200.417,1030.714,911.436,867.231
419,2344716061037,2344717197312,2344717115734,2344716984245,2344717441343,1380.306,1136.275,1054.697,923.208
420,2344732570785,2344733762121,2344733671717,2344733538450,2344733852341,1281.556,1191.336,1100.932,967.665
421,2344749275020,2344750271438,2344750146591,2344750154751,2344750421066,1146.046,996.418,871.571,879.731
422,2344765892397,2344766938531,2344766877311,2344766750728,2344766993517,1101.120,1046.134,984.914,858.331
423,2344782644407,2344783676025,2344783612208,2344783463404,2344783720642,1076.235,1031.618,967.801,818.997
424,2344799210409,2344800251280,2344800193275,2344800129439,2344800447198,1236.789,1040.871,982.866,919.030
425,2344815875816,2344816884750,2344816832503,2344816691896,2344817197422,1321.606,1008.934,956.687,816.080
426,2344832662598,2344833667303,2344833598411,2344833489079,2344833831294,1168.696,1004.705,935.813,826.481
427,2344849277723,2344850287560,2344850196964,2344850141003,2344850421100,1143.377,1009.837,919.241,863.280
428,2344865942707,2344867136389,2344867079646,2344866966266,2344867309269,1366.562,1193.682,1136.939,1023.559
429,2344882540869,2344883547139,2344883386677,2344883444809,2344883618797,1077.928,1006.270,845.808,903.940
430,2344899341886,2344900593174,2344900552796,2344900374670,2344900766424,1424.538,1251.288,1210.910,1032.784
431,2344915973944,2344916964635,2344916902015,2344916802785,2344917132903,1158.959,990.691,928.071,828.841
432,2344932603540,2344933628459,2344933569721,2344933480506,2344933664716,1061.176,1024.919,966.181,876.966
433,2344949394279,2344950418944,2344950359211,2344950262282,2344950509979,1115.700,1024.665,964.932,868.003
434,2344965986847,2344967205975,2344967127646,2344966998005,2344967542500,1555.653,1219.128,1140.799,1011.158
435,2344982660773,2344983662039,2344983583659,2344983459617,2344984086839,1426.066,1001.266,922.886,798.844
436,2344999301773,2345000241201,2345000214729,2345000174417,2345000352814,1051.041,939.428,912.956,872.644
437,2345015882619,2345017093422,2345017026547,2345016828891,2345017211537,1328.918,1210.803,1143.928,946.272
438,2345032613933,2345033658258,2345033595876,2345033485515,2345033741218,1127.285,1044.325,981.943,871.582
439,2345049256557,2345050322421,2345050254619,2345050100399,2345050374903,1118.346,1065.864,998.062,843.842
440,2345065873378,2345066992008,2345066934599,2345066771370,2345067226322,1352.944,1118.630,1061.221,897.992
441,2345082535774,2345083635534,2345083564283,2345083387390,2345083647466,1111.692,1099.760,1028.509,851.616
442,2345099310397,2345100711094,2345100616384,2345100571900,2345100859093,1548.696,1400.697,1305.987,1261.503
443,2345115954232,2345116947945,2345116877888,2345116803094,2345117154489,1200.257,993.713,923.656,848.862
444,2345132545074,2345133712185,2345133650861,2345133574200,2345133824730,1279.656,1167.111,1105.787,1029.126
445,2345149203404,2345150341175,2345150318627,2345150150528,2345150573021,1369.617,1137.771,1115.223,947.124
446,2345165872331,2345166853957,2345166786501,2345166684694,2345166884276,1011.945,981.626,914.170,812.363
447,2345182541191,2345183709546,2345183651989,2345183503644,2345183769582,1228.391,1168.355,1110.798,962.453
448,2345199223945,2345200372145,2345200307466,2345200210235,2345200492539,1268.594,1148.200,1083.521,986.290
449,2345216027411,2345217097442,2345216992651,2345216882427,2345217119732,1092.321,1070.031,965.240,855.016
450,2345232545830,2345233803373,2345233714056,2345233605562,2345233980536,1434.706,1257.543,1168.226,1059.732
451,2345249228697,2345250298163,2345250207361,2345250088925,2345250685412,1456.715,1069.466,978.664,860.228
452,2345265902144,2345266926433,2345266851620,2345266746518,2345267383539,1481.395,1024.289,949.476,844.374
453,2345282560602,2345283539533,2345283475166,2345283393413,2345283755681,1195.079,978.931,914.564,832.811
454,2345299329526,2345300402562,2345300353091,2345300190549,2345300863626,1534.100,1073.036,1023.565,861.023
455,2345315978370,2345317073363,2345316971739,2345316885454,2345317113419,1135.049,1094.993,993.369,907.084
456,2345332622480,2345333747110,2345333683529,2345333595937,2345333828202,1205.722,1124.630,1061.049,973.457
457,2345349334225,2345350592835,2345350464034,2345350368839,2345350933079,1598.854,1258.610,1129.809,1034.614
458,2345365896075,2345367048825,2345366994427,2345366847256,2345367431870,1535.795,1152.750,1098.352,951.181
459,2345382608111,2345383787673,2345383710785,2345383538096,2345384036868,1428.757,1179.562,1102.674,929.985
460,2345399331669,2345400535772,2345400497103,2345400312067,2345400877419,1545.750,1204.103,1165.434,980.398
461,2345416339807,2345417392958,2345417315082,2345417186048,2345417849373,1509.566,1053.151,975.275,846.241
462,2345432716088,2345433711879,2345433633958,2345433520044,2345434108330,1392.242,995.791,917.870,803.956
463,2345449333873,2345450337273,2345450255179,2345450132417,2345450668608,1334.735,1003.400,921.306,798.544
464,2345466032516,2345467192221,2345467135297,2345466954761,2345467228201,1195.685,1159.705,1102.781,922.245
465,2345482544409,2345483745450,2345483707673,2345483540308,2345484179790,1635.381,1201.041,1163.264,995.899
466,2345499220054,2345500288705,2345500211885,2345500051824,2345500510343,1290.289,1068.651,991.831,831.770
467,2345515990014,2345517226801,2345516889707,2345517164163,2345517611006,1620.992,1236.787,899.693,1174.149
468,2345532577804,2345533793477,2345533734290,2345533530376,2345533802181,1224.377,1215.673,1156.486,952.572
469,2345549290373,2345550365877,2345550306649,2345550194935,2345550493685,1203.312,1075.504,1016.276,904.562
470,2345565950078,2345567099503,2345567038535,2345566953286,2345567247695,1297.617,1149.425,1088.457,1003.208
471,2345582545718,2345583698270,2345583597914,2345583550255,2345583957283,1411.565,1152.552,1052.196,1004.537
472,2345599252091,2345600396575,2345600326961,2345600225225,2345600448369,1196.278,1144.484,1074.870,973.134
473,2345615905255,2345617276876,2345617186903,2345617094196,2345617434779,1529.524,1371.621,1281.648,1188.941
474,2345632625425,2345633965220,2345633900489,2345633811573,2345685538727,52913.302,1339.795,1275.064,1186.148
475,2345649235032,2345650643740,2345650470758,2345650374544,2345685542513,36307.481,1408.708,1235.726,1139.512
476,2345665947185,2345667436041,2345667233100,2345667174415,2345685544250,19597.065,1488.856,1285.915,1227.230
477,2345682620533,2345684115650,2345684040002,2345683943534,2345685545863,2925.330,1495.117,1419.469,1323.001
478,2345699237145,2345700702185,2345700513098,2345700415354,2345700809723,1572.578,1465.040,1275.953,1178.209
479,2345715917537,2345717542596,2345717339098,2345717309854,2345717552095,1634.558,1625.059,1421.561,1392.317
480,2345732532179,2345733594073,2345733574865,2345733353285,2345733614155,1081.976,1061.894,1042.686,821.106
481,2345749354655,2345750395714,2345750289268,2345750262328,2345750639453,1284.798,1041.059,934.613,907.673
482,2345765881891,2345766963733,2345766894233,2345766718739,2345766977572,1095.681,1081.842,1012.342,836.848
483,2345782538276,2345783734057,2345783569610,2345783595323,2345784111776,1573.500,1195.781,1031.334,1057.047
484,2345799252510,2345800354352,2345800234109,2345800206327,2345800743641,1491.131,1101.842,981.599,953.817
485,2345815877006,2345817041141,2345816975188,2345816859752,2345817199092,1322.086,1164.135,1098.182,982.746
486,2345832546577,2345833727199,2345833647663,2345833523742,2345834065609,1519.032,1180.622,1101.086,977.165
487,2345849388888,2345850417687,2345850350861,2345850240271,2345850538194,1149.306,1028.799,961.973,851.383
488,2345865882028,2345867318413,2345867254422,2345867091424,2345867654044,1772.016,1436.385,1372.394,1209.396
489,2345882544733,2345883737833,2345883606358,2345883555450,2345883765566,1220.833,1193.100,1061.625,1010.717
490,2345899224446,2345900477179,2345900418271,2345900289233,2345900602145,1377.699,1252.733,1193.825,1064.787
491,2345915941663,2345916938223,2345916872130,2345916769331,2345917063102,1121.439,996.560,930.467,827.668
492,2345932635469,2345933675375,2345933609885,2345933503448,2345933803442,1167.973,1039.906,974.416,867.979
493,2345949279038,2345950271206,2345950235792,2345950200482,2345950355731,1076.693,992.168,956.754,921.444
494,2345965875369,2345967075194,2345967007866,2345966819494,2345967212735,1337.366,1199.825,1132.497,944.125
495,2345982676584,2345983675264,2345983605507,2345983588169,2345983831204,1154.620,998.680,928.923,911.585
496,2345999202958,2346000208547,2346000133573,2346000043435,2346000492862,1289.904,1005.589,930.615,840.477
497,2346015874905,2346016999133,2346016929940,2346016720035,2346017125479,1250.574,1124.228,1055.035,845.130
498,2346032764828,2346033935021,2346033898570,2346033721678,2346034266732,1501.904,1170.193,1133.742,956.850
499,2346049265159,2346050412694,2346050363305,2346050248912,2346050518184,1253.025,1147.535,1098.146,983.753
500,2346065872479,2346067072552,2346067009354,2346066908436,2346067339143,1466.664,1200.073,1136.875,1035.957
501,2346082655881,2346083732876,2346083668925,2346083520092,2346083807249,1151.368,1076.995,1013.044,864.211
502,2346099208874,2346100218023,2346100145279,2346100040981,2346100392759,1183.885,1009.149,936.405,832.107
503,2346115881214,2346116978568,2346116897603,2346116764168,2346117295213,1413.999,1097.354,1016.389,882.954
504,2346132547307,2346133671617,2346133594823,2346133465931,2346134010763,1463.456,1124.310,1047.516,918.624
505,2346149222740,2346150234176,2346150149261,2346150015320,2346150640854,1418.114,1011.436,926.521,792.580
506,2346165978797,2346166996216,2346166917300,2346166783085,2346167326457,1347.660,1017.419,938.503,804.288
507,2346182585899,2346183774744,2346183722173,2346183559098,2346183903207,1317.308,1188.845,1136.274,973.199
508,2346199205859,2346200163929,2346200091281,2346200051068,2346200224079,1018.220,958.070,885.422,845.209
509,2346215882211,2346217067849,2346216985907,2346216872573,2346217117186,1234.975,1185.638,1103.696,990.362
510,2346232577732,2346233758729,2346233685552,2346233553760,2346233843207,1265.475,1180.997,1107.820,976.028
511,2346249322222,2346250336676,2346250270749,2346250165030,2346250460725,1138.503,1014.454,948.527,842.808
512,2346265960808,2346266949030,2346266879092,2346266856443,2346267070852,1110.044,988.222,918.284,895.635
513,2346282660423,2346283674574,2346283573157,2346283553073,2346283889910,1229.487,1014.151,912.734,892.650
514,2346299241723,2346300308131,2346300243795,2346300062887,2346300339051,1097.328,1066.408,1002.072,821.164
515,2346315932375,2346317000531,2346316957481,2346316825938,2346317226992,1294.617,1068.156,1025.106,893.563
516,2346332678497,2346333678887,2346333601196,2346333492772,2346334077499,1399.002,1000.390,922.699,814.275
517,2346349229399,2346350365083,2346350648678,2346350578210,2346351012607,1783.208,1135.684,1419.279,1348.811
518,2346366007359,2346367206164,2346367131855,2346366957695,2346367628109,1620.750,1198.805,1124.496,950.336
519,2346382654182,2346383643880,2346383563177,2346383441877,2346384080894,1426.712,989.698,908.995,787.695
520,2346399217817,2346400202976,2346400128115,2346400055791,2346400497817,1280.000,985.159,910.298,837.974
521,2346415880926,2346417069804,2346416999897,2346416824620,2346417270949,1390.023,1188.878,1118.971,943.694
522,2346432549570,2346433564427,2346433485016,2346433352602,2346433900519,1350.949,1014.857,935.446,803.032
523,2346449222056,2346450208754,2346450141921,2346450041544,2346450290962,1068.906,986.698,919.865,819.488
524,2346465877792,2346467076147,2346466929374,2346466881667,2346467207294,1329.502,1198.355,1051.582,1003.875
525,2346482614227,2346483643494,2346483575756,2346483503383,2346483748394,1134.167,1029.267,961.529,889.156
526,2346499209996,2346500405031,2346500371838,2346500176002,2346500774834,1564.838,1195.035,1161.842,966.006
527,2346515881915,2346517058283,2346516998932,2346516848504,2346517166181,1284.266,1176.368,1117.017,966.589
528,2346532543009,2346533701701,2346533628450,2346533495158,2346534055078,1512.069,1158.692,1085.441,952.149
529,2346549379560,2346550394473,2346550320872,2346550225183,2346550446949,1067.389,1014.913,941.312,845.623
530,2346565972583,2346566997448,2346566906158,2346566779641,2346567311819,1339.236,1024.865,933.575,807.058
531,2346582654331,2346583677879,2346583607283,2346583497860,2346583789950,1135.619,1023.548,952.952,843.529
532,2346599298855,2346600468998,2346600401795,2346600291948,2346600499412,1200.557,1170.143,1102.940,993.093
533,2346616051791,2346617126226,2346616954238,2346616975479,2346617309032,1257.241,1074.435,902.447,923.688
534,2346632562754,2346634007574,2346633819226,2346633767909,2346634032148,1469.394,1444.820,1256.472,1205.155
535,2346649235743,2346650220055,2346650154870,2346650085905,2346650329292,1093.549,984.312,919.127,850.162
536,2346665878518,2346666872883,2346666760528,2346666742914,2346666875953,997.435,994.365,882.010,864.396
537,2346682657489,2346683666301,2346683590783,2346683453082,2346684074907,1417.418,1008.812,933.294,795.593
538,2346699269646,2346700240922,2346700175759,2346700083155,2346700511087,1241.441,971.276,906.113,813.509
539,2346716010044,2346717161666,2346717064292,2346716970646,2346717231147,1221.103,1151.622,1054.248,960.602
540,2346732611325,2346733623507,2346733534797,2346733434483,2346733741151,1129.826,1012.182,923.472,823.158
541,2346749366774,2346750314553,2346750261996,2346750190927,2346750522231,1155.457,947.779,895.222,824.153
542,2346765987886,2346766990228,2346766847067,2346766890611,2346767113945,1126.059,1002.342,859.181,902.725
543,2346782543460,2346783538005,2346783461965,2346783363523,2346783870435,1326.975,994.545,918.505,820.063
544,2346799377946,2346800372996,2346800315004,2346800226054,2346800603797,1225.851,995.050,937.058,848.108
545,2346815931602,2346817088860,2346816934370,2346816946786,2346817596027,1664.425,1157.258,1002.768,1015.184
546,2346832542532,2346833567732,2346833486984,2346833363309,2346833924010,1381.478,1025.200,944.452,820.777
547,2346849308004,2346850357565,2346850301616,2346850188300,2346850468368,1160.364,1049.561,993.612,880.296
548,2346865887090,2346867004758,2346866890486,2346866841208,2346867096206,1209.116,1117.668,1003.396,954.118
549,2346882715225,2346883987848,2346883890758,2346883742723,2346884494789,1779.564,1272.623,1175.533,1027.498
550,2346899258633,2346900273920,2346900209182,2346900111556,2346900355091,1096.458,1015.287,950.549,852.923
551,2346915953263,2346916977185,2346916913302,2346916773756,2346917057233,1103.970,1023.922,960.039,820.493
552,2346932608443,2346933611377,2346933538965,2346933525025,2346933762048,1153.605,1002.934,930.522,916.582
553,2346949282517,2346950258123,2346950189558,2346950094678,2346950364546,1082.029,975.606,907.041,812.161
554,2346965920574,2346967152523,2346967079251,2346966873831,2346967567154,1646.580,1231.949,1158.677,953.257
555,2346982624993,2346983743788,2346983637145,2346983615447,2346983933963,1308.970,1118.795,1012.152,990.454
556,2346999222580,2347000242930,2347000104833,2347000129577,2347000375456,1152.876,1020.350,882.253,906.997
557,2347015878452,2347017015584,2347016910068,2347016899420,2347017163016,1284.564,1137.132,1031.616,1020.968
558,2347032704374,2347033754072,2347033683197,2347033514014,2347033782897,1078.523,1049.698,978.823,809.640
559,2347049211865,2347050437669,2347050354157,2347050213877,2347050604519,1392.654,1225.804,1142.292,1002.012
560,2347065950528,2347067109254,2347067046413,2347066921082,2347067153198,1202.670,1158.726,1095.885,970.554
561,2347082599566,2347083844780,2347083792189,2347083565065,2347084105383,1505.817,1245.214,1192.623,965.499
562,2347099292123,2347100509184,2347100442799,2347100263913,2347100871814,1579.691,1217.061,1150.676,971.790
563,2347115912097,2347116972087,2347116904778,2347116730865,2347116975441,1063.344,1059.990,992.681,818.768
564,2347132601256,2347133786960,2347133606551,2347133558225,2347134051268,1450.012,1185.704,1005.295,956.969
565,2347149281195,2347150301955,2347150241294,2347150129162,2347150386256,1105.061,1020.760,960.099,847.967
566,2347166007847,2347167262068,2347167196948,2347166957229,2347167633800,1625.953,1254.221,1189.101,949.382
567,2347182543202,2347183518062,2347183402320,2347183383063,2347183807990,1264.788,974.860,859.118,839.861
568,2347199229138,2347200266833,2347200179457,2347200156754,2347200377694,1148.556,1037.695,950.319,927.616
569,2347215875989,2347216889586,2347216814865,2347216696877,2347217065566,1189.577,1013.597,938.876,820.888
570,2347232627236,2347233656001,2347233589751,2347233436404,2347233667195,1039.959,1028.765,962.515,809.168
571,2347249213678,2347250205726,2347250131862,2347250027456,2347250586880,1373.202,992.048,918.184,813.778
572,2347265949165,2347266961995,2347266880910,2347266755967,2347267305445,1356.280,1012.830,931.745,806.802
573,2347282706583,2347283718362,2347283645586,2347283628343,2347283870418,1163.835,1011.779,939.003,921.760
574,2347299266095,2347300247179,2347300210327,2347300168273,2347300420865,1154.770,981.084,944.232,902.178
575,2347315949003,2347317107363,2347316996464,2347316949562,2347317245221,1296.218,1158.360,1047.461,1000.559
576,2347332532503,2347333751834,2347333690552,2347333482194,2347334170476,1637.973,1219.331,1158.049,949.691
577,2347349303449,2347350384588,2347350380557,2347350361964,2347350465649,1162.200,1081.139,1077.108,1058.515
578,2347365994725,2347366978260,2347366912485,2347366852129,2347367197360,1202.635,983.535,917.760,857.404
579,2347382606013,2347383606524,2347383543011,2347383449409,2347383680040,1074.027,1000.511,936.998,843.396
580,2347399210065,2347400222152,2347400110786,2347400070889,2347400466408,1256.343,1012.087,900.721,860.824
581,2347415945045,2347417154853,2347417082197,2347416899631,2347417438576,1493.531,1209.808,1137.152,954.586
582,2347432701091,2347433696006,2347433578736,2347433537355,2347433970905,1269.814,994.915,877.645,836.264
583,2347449402982,2347450510842,2347450402843,2347450381776,2347450826602,1423.620,1107.860,999.861,978.794
584,2347465971991,2347467225098,2347467066540,2347467045195,2347467565478,1593.487,1253.107,1094.549,1073.204
585,2347482542502,2347483577950,2347483507021,2347483333356,2347483596465,1053.963,1035.448,964.519,790.854
586,2347499217495,2347500390672,2347500304122,2347500197370,2347500734556,1517.061,1173.177,1086.627,979.875
587,2347515873847,2347516885217,2347516807470,2347516672532,2347517101387,1227.540,1011.370,933.623,798.685
588,2347532718716,2347533727282,2347533674363,2347533551208,2347533854654,1135.938,1008.566,955.647,832.492
589,2347549426904,2347550576419,2347550503705,2347550389411,2347550700755,1273.851,1149.515,1076.801,962.507
590,2347565932544,2347566933064,2347566867222,2347566766779,2347567071908,1139.364,1000.520,934.678,834.235
591,2347582543129,2347583538428,2347583474921,2347583383822,2347583750208,1207.079,995.299,931.792,840.693
592,2347599286122,2347600310843,2347600162918,2347600184189,2347600363491,1077.369,1024.721,876.796,898.067
593,2347615907684,2347616957158,2347616853360,2347616851627,2347617114112,1206.428,1049.474,945.676,943.943
594,2347632534161,2347633850989,2347633777444,2347633620000,2347634204085,1669.924,1316.828,1243.283,1085.839
595,2347649225666,2347650268937,2347650204805,2347650050576,2347650308254,1082.588,1043.271,979.139,824.910
596,2347665945397,2347667395129,2347667271265,2347667237350,2347667753949,1808.552,1449.732,1325.868,1291.953
597,2347682680640,2347683695937,2347683630621,2347683517900,2347683921660,1241.020,1015.297,949.981,837.260
598,2347699196512,2347700230303,2347700091921,2347700088325,2347700665979,1469.467,1033.791,895.409,891.813
599,2347715961773,2347717164358,2347717084038,2347716979929,2347717207279,1245.506,1202.585,1122.265,1018.156
